# rr	self_coop	bc_min(AllD)	bc_max(AllC)	eq_coop	eq0	eq1	eq2	rho_alld_to_resident	rho_resident_to_alld	rho_allc_to_resident	rho_resident_to_allc
0	0.117772	None	None	2.197547485e-06	1.865933741e-05	0	0.9999813407	3.548767697e-06	0.1901836813	0.6470706346	1.811891336e-25
1	0.362824	None	None	3.547665873e-12	9.777925036e-12	1.814637199e-24	1	4.075549391e-12	0.4167966786	0.6321619022	9.950023635e-19
2	0.221728	None	None	5.455044342e-10	2.460241531e-09	2.007954561e-24	0.9999999975	1.088011486e-09	0.4422376596	0.4933378966	1.940486434e-21
3	0.410684	None	None	2.145141117e-12	5.22333745e-12	2.044012073e-24	1	2.220611844e-12	0.4251010145	0.486760409	1.397117815e-16
4	0.130156	None	None	2.644751549e-07	2.031985885e-06	0	0.999997968	4.465549279e-07	0.2197623637	0.6470704026	1.241652261e-25
5	0.388896	None	None	6.63060907e-13	1.704982584e-12	1.81487597e-24	1	7.504085787e-13	0.440186763	0.6320612448	8.590453062e-19
6	0.277684	None	None	1.183006816e-11	4.260262802e-11	2.03033058e-24	1	2.119596154e-11	0.497526441	0.4930507039	1.204360493e-21
7	0.441344	None	None	7.93981823e-13	1.799008988e-12	2.044971678e-24	1	7.807167433e-13	0.4339660535	0.4865000254	7.97344081e-16
8	0.184552	None	None	4.496787979e-09	2.43659672e-08	1.771484532e-24	0.9999999756	9.13681612e-09	0.3749826935	0.5986546445	1.614993765e-28
9	0.405572	None	None	1.091726202e-12	2.691818475e-12	1.903329945e-24	1	1.217781176e-12	0.4523680273	0.5715896631	4.997213536e-19
10	0.283316	None	None	8.879058541e-14	3.133977093e-13	2.159811551e-24	1	1.840459497e-13	0.5866441503	0.4244770777	7.81600913e-18
11	0.453408	None	None	8.370512027e-13	1.846132408e-12	2.26066214e-24	1	8.310522896e-13	0.4500711369	0.4187863008	5.272800302e-14
12	0.22468	None	None	7.058093758e-11	3.141398326e-10	1.856380934e-24	0.9999999997	1.386006859e-10	0.4412069788	0.5976015077	2.105052178e-29
13	0.442356	None	None	4.7464106e-13	1.072984338e-12	1.909867917e-24	1	4.797564824e-13	0.4469928679	0.5674297519	6.233226074e-18
14	0.356664	None	None	1.644287059e-14	4.610185102e-14	2.162649675e-24	1	2.59831105e-14	0.5683343034	0.4230378533	4.445177881e-18
15	0.490892	None	209.6021505	1.181889673e-12	2.407636859e-12	3.964139952e-24	1	9.717737874e-13	0.4035771372	0.4184972385	8.087488653e-13
16	0.230028	None	None	3.36802824e-10	1.464181856e-09	1.818528372e-24	0.9999999985	5.005988632e-10	0.3418965144	0.6460384353	9.842101418e-25
17	0.437684	71.93515358	17.06926407	4.2312308e-12	9.667318889e-12	1.818452525e-24	1	3.711583396e-12	0.3839428138	0.6308897873	2.712829959e-16
18	0.362464	None	None	8.401382236e-12	2.317852873e-11	2.036492545e-24	1	1.021415966e-11	0.4406686873	0.4910476899	5.095245197e-18
19	0.453752	8401	63.06979063	1.822404567e-12	4.016300902e-12	2.088051892e-24	1	1.643429988e-12	0.4092258538	0.4870377555	1.302969533e-14
20	0.272852	None	None	2.005478591e-12	7.350060072e-12	1.795655263e-24	1	2.945659309e-12	0.4007645788	0.6460238067	1.705668841e-24
21	0.47314	None	34.34680135	3.021471378e-12	6.385998602e-12	1.81794458e-24	1	2.642076949e-12	0.4136998572	0.6307760392	2.354311341e-16
22	0.419592	None	None	7.441078514e-13	1.7734081e-12	2.041156493e-24	1	7.815199842e-13	0.4407316113	0.4880417925	1.032058667e-16
23	0.49124	670.2881356	None	2.653068449e-12	5.400758181e-12	2.247445749e-24	1	2.222432585e-12	0.4114648965	0.488461553	4.434913615e-14
24	0.327792	None	None	7.561622609e-12	2.306835618e-11	1.875924094e-24	1	1.055249405e-11	0.4574425556	0.589881198	9.151736428e-24
25	0.456912	None	88.10736842	1.91246068e-12	4.185621477e-12	1.93438557e-24	1	1.721076485e-12	0.411238758	0.5622297291	4.847775084e-15
26	0.432892	None	None	1.787248035e-12	4.128623386e-12	2.25697215e-24	1	1.928177608e-12	0.4670407468	0.4219019009	2.431651492e-14
27	0.493564	46.06542056	1293.266667	1.671711472e-12	3.387020674e-12	6.034480625e-24	1	1.387487024e-12	0.4096032547	0.4150342291	1.232743383e-12
28	0.398972	None	None	4.205090148e-13	1.053981269e-12	1.877640031e-24	1	4.86498611e-13	0.4613722266	0.5886334294	1.078839358e-21
29	0.519148	20.2576717	13.71393158	1.679102466e-11	3.23434255e-11	6.878024771e-24	1	1.163727761e-11	0.3598059749	0.5607706791	1.883093633e-13
30	0.49054	None	None	1.684597502e-12	3.434169491e-12	5.139387895e-24	1	1.453972908e-12	0.4233769116	0.4136626435	9.315385289e-13
31	0.549788	15.43250817	12.45316088	2.52084247e-11	4.585117299e-11	2.819778246e-21	1	1.629652483e-11	0.3554269317	0.4162874377	6.661878059e-11
32	0.127976	None	None	1.317587611e-06	1.029558363e-05	7.537735641e-23	0.9999897044	2.136486284e-06	0.2075126931	0.6015297064	3.719370615e-25
33	0.390028	None	None	2.911695871e-12	7.465350874e-12	1.899787915e-24	1	3.180472026e-12	0.4260438625	0.5739477178	2.559120445e-18
34	0.235252	None	None	1.89446634e-10	8.052923418e-10	2.179029476e-24	0.9999999992	3.798728746e-10	0.4717206435	0.4264489859	5.337177184e-20
35	0.442092	None	None	1.631587999e-12	3.690607384e-12	2.260875382e-24	1	1.582263082e-12	0.4287342679	0.4204802693	2.748133912e-14
36	0.146104	None	None	9.92028605e-08	6.789879846e-07	0	0.999999321	1.690644384e-07	0.248994573	0.6009010823	2.406689069e-25
37	0.427392	None	None	6.82375102e-13	1.596602421e-12	1.902121291e-24	1	6.812260731e-13	0.426676572	0.5724432637	1.689076279e-17
38	0.313192	None	None	3.190704206e-12	1.018769383e-11	2.162881605e-24	1	5.236099889e-12	0.5139785275	0.4229797895	5.645659822e-20
39	0.486024	None	None	1.175225026e-12	2.418039081e-12	4.070321619e-24	1	1.029217833e-12	0.4257163569	0.4200866411	8.55619605e-13
40	0.21324	None	None	8.114684146e-10	3.805423066e-09	2.187478587e-24	0.9999999962	1.737445184e-09	0.4565708631	0.4320685053	2.139760829e-23
41	0.440436	None	None	9.056618767e-13	2.056284856e-12	2.176083773e-24	1	8.933400251e-13	0.4345251524	0.4225865268	6.679916771e-15
42	0.312204	None	None	3.958222657e-14	1.267832141e-13	2.328621279e-24	1	7.81823727e-14	0.6164830376	0.3453573202	1.283064823e-15
43	0.488276	346.2581602	None	1.345492826e-12	2.755598935e-12	9.5037947e-23	1	1.106768019e-12	0.4016079034	0.3459590797	3.410771097e-11
44	0.284908	None	None	5.156166576e-12	1.80976546e-11	2.159763082e-24	1	9.985253035e-12	0.5517480638	0.4244296687	2.755435232e-22
45	0.491944	None	None	1.135937859e-12	2.309079608e-12	4.057080827e-24	1	1.012685288e-12	0.4384965312	0.4154827416	8.816389829e-13
46	0.415352	None	None	1.873435978e-14	4.510477807e-14	2.333369337e-24	1	2.398363716e-14	0.5316691127	0.343604996	1.952370738e-14
47	0.541648	32.49962169	14.20064551	4.890909635e-12	9.029682768e-12	2.332187518e-20	1	3.155640563e-12	0.3494804846	0.3381981084	2.598051286e-09
48	0.275576	None	None	1.058100171e-10	3.83959478e-10	1.868678534e-24	0.9999999996	1.492071828e-10	0.3886017189	0.595878918	6.425255076e-23
49	0.447616	None	31.63956371	2.047186444e-12	4.573532769e-12	1.920263771e-24	1	1.837294792e-12	0.4017019565	0.567233437	2.759410466e-15
50	0.409704	None	None	4.393701901e-12	1.072408837e-11	2.217057542e-24	1	4.7037464e-12	0.4386193724	0.4234125861	5.613069409e-15
51	0.490448	None	None	1.759546541e-12	3.587631188e-12	5.693315754e-24	1	1.497195218e-12	0.4172738634	0.4200592124	1.068816262e-12
52	0.352648	None	None	7.332329919e-13	2.079220616e-12	1.868015817e-24	1	8.987939234e-13	0.4322949444	0.5951344517	1.447036912e-21
53	0.491176	None	348.1428571	2.990260124e-12	6.087960577e-12	1.943809033e-24	1	2.455697496e-12	0.4033885074	0.5652389086	6.154982945e-15
54	0.485744	None	55.40150801	1.547855903e-12	3.186567209e-12	4.432553977e-24	1	1.322844704e-12	0.415162044	0.4167727354	7.684011885e-13
55	0.5338	33.48345923	None	5.078620516e-12	9.514088639e-12	2.406360697e-23	1	3.732290903e-12	0.3922735914	0.4131414589	2.486015818e-12
56	0.394572	None	None	3.234135716e-12	8.196566701e-12	2.169626117e-24	1	3.772389188e-12	0.4602582978	0.4209598998	3.556127975e-16
57	0.492428	None	None	1.676894526e-12	3.405359821e-12	6.601952811e-24	1	1.420331621e-12	0.4170476448	0.4141670355	1.40485045e-12
58	0.4875	None	None	2.618280708e-12	5.370832221e-12	3.560642337e-22	1	2.198469365e-12	0.4093752304	0.3453736886	6.67305232e-11
59	0.538872	17.57634056	14.14874816	3.325887079e-12	6.171942637e-12	6.320785376e-21	1	2.342498463e-12	0.3795515797	0.3413244877	1.033086059e-09
60	0.48952	None	21.53626374	1.391236813e-12	2.842042844e-12	4.805756952e-24	1	1.259168316e-12	0.4429887158	0.4163107002	1.003148542e-12
61	0.55556	16.81694745	12.57493188	2.653183427e-11	4.775691962e-11	5.583788863e-21	1	1.661426775e-11	0.347892319	0.4059500233	1.254954375e-10
62	0.557788	21.04843529	10.2554095	1.480571877e-11	2.654363049e-11	2.080590921e-19	1	8.884668438e-12	0.3347111314	0.3425334678	7.919349084e-09
63	0.594388	11.61102054	9.501482769	8.976758906e-11	1.510252342e-10	2.152751627e-18	0.9999999998	4.652548143e-11	0.3080640726	0.3365814873	1.431679806e-08
64	0.26162	None	None	6.558480402e-13	2.506872717e-12	1.794813127e-24	1	1.083485614e-12	0.4322427959	0.6465369641	6.574157021e-27
65	0.397508	None	None	4.625643157e-13	1.163660394e-12	1.815760903e-24	1	5.402161826e-13	0.464063641	0.6314093796	2.269336373e-18
66	0.382144	None	None	2.157001342e-13	5.644472613e-13	2.035058625e-24	1	2.712965177e-13	0.4807154287	0.4914355683	4.286860424e-20
67	0.450572	None	None	8.6511105e-13	1.92002843e-12	2.044139745e-24	1	8.086088152e-13	0.4211846233	0.4873982548	1.151499031e-15
68	0.288568	None	None	6.534240077e-14	2.264367524e-13	1.794898373e-24	1	1.040344906e-13	0.4589222995	0.6465401536	9.460066398e-27
69	0.42064	None	None	6.868070618e-13	1.632766883e-12	1.815933059e-24	1	7.520316619e-13	0.460471755	0.6313069149	2.207008632e-18
70	0.42542	None	None	2.481641698e-13	5.833392173e-13	2.032939401e-24	1	2.696780682e-13	0.4621018824	0.492649744	2.176107404e-17
71	0.475404	None	None	1.662481493e-12	3.496986759e-12	2.051036629e-24	1	1.532550937e-12	0.4382492611	0.4869044531	2.648278228e-15
72	0.358664	None	None	8.155278683e-14	2.27379349e-13	1.869794292e-24	1	1.145877642e-13	0.5038936766	0.5938880089	1.779320083e-29
73	0.455184	None	None	9.761424199e-13	2.144500729e-12	1.909438999e-24	1	9.299155111e-13	0.4336313776	0.567759688	7.02995422e-17
74	0.424096	None	None	4.878418524e-14	1.150309959e-13	2.158372e-24	1	5.651505105e-14	0.490296804	0.4251994844	3.023459452e-17
75	0.490928	None	111.864813	1.534784922e-12	3.126293311e-12	4.908677467e-24	1	1.25187769e-12	0.4004382693	0.4159574165	9.47043222e-13
76	0.41528	None	None	1.377330171e-13	3.316630155e-13	1.870369677e-24	1	1.622557628e-13	0.4887266714	0.5935047578	1.394202277e-26
77	0.49338	None	302.4300518	7.532853574e-12	1.526785353e-11	1.926282264e-24	1	6.378897075e-12	0.4177992275	0.5650587823	1.059190015e-15
78	0.48878	None	87.19316493	1.238900888e-12	2.534679995e-12	3.272243382e-24	1	1.1057327e-12	0.4362610408	0.4179687658	4.709982627e-13
79	0.528644	40.2065698	25.23562412	2.542953184e-11	4.810332064e-11	6.652974742e-22	1	1.864849497e-11	0.3876788118	0.4132619541	1.490278442e-11
80	0.345744	None	None	8.217268449e-13	2.376691555e-12	1.796340959e-24	1	1.046077773e-12	0.4402229546	0.6453963432	3.07914889e-23
81	0.473408	None	44.16346502	3.843286775e-12	8.118339307e-12	1.819301462e-24	1	3.274015768e-12	0.4032629743	0.6300533892	2.70374276e-16
82	0.437808	None	None	1.214013896e-12	2.772936757e-12	2.046182888e-24	1	1.188984945e-12	0.428724821	0.4857455388	5.005814008e-16
83	0.491516	183.2662539	76.67058824	2.503794918e-12	5.094025257e-12	2.285123266e-24	1	2.055068996e-12	0.4034618518	0.4840972247	5.360348138e-14
84	0.376072	None	None	9.692128036e-13	2.57720012e-12	1.796498999e-24	1	1.197564863e-12	0.4647324783	0.6453841584	1.029534379e-22
85	0.49476	None	80.90041494	1.091434793e-10	2.205988344e-10	1.863591025e-24	0.9999999998	8.483698107e-11	0.3845760405	0.6299396598	2.85047675e-16
86	0.47038	None	None	3.42172614e-12	7.274386963e-12	2.050224072e-24	1	3.216370074e-12	0.442173088	0.4877722838	1.392635606e-15
87	0.513392	None	None	9.404033281e-11	1.831745193e-10	1.114274969e-23	0.9999999998	7.322548079e-11	0.3997577064	0.4832341213	5.716112522e-14
88	0.430748	None	None	1.149474137e-12	2.668553626e-12	1.883593562e-24	1	1.170735416e-12	0.4386717755	0.5846189911	1.630359163e-19
89	0.508616	24.55081505	13.22297534	7.234362122e-12	1.422362278e-11	5.622574407e-24	1	5.407135871e-12	0.3801584381	0.5584302905	3.189022054e-13
90	0.488476	40.02051984	58.70570571	2.914212465e-12	5.96592763e-12	8.187640454e-24	1	2.409541556e-12	0.4038983042	0.4189345257	1.096018111e-12
91	0.532624	41.93424926	16.32742281	8.597464169e-12	1.61417138e-11	5.622632742e-22	1	6.010125212e-12	0.3723460496	0.418832402	3.770469752e-11
92	0.492044	61.14845361	4171.857143	3.434354962e-11	6.979772058e-11	1.890073895e-24	0.9999999999	2.93089463e-11	0.4199134216	0.5820580097	6.264565064e-17
93	0.566972	10.89245943	13.96714406	4.054033921e-09	7.150324744e-09	8.065208164e-21	0.9999999928	2.011040923e-09	0.2812517153	0.5574985369	1.381764471e-12
94	0.539236	22.59498956	22.78885758	1.576703998e-10	2.923959079e-10	7.255681429e-21	0.9999999997	1.000412995e-10	0.3421433263	0.4174353296	2.692179694e-11
95	0.588264	9.465874182	19.20351451	6.365724595e-09	1.082120373e-08	1.324677038e-18	0.9999999892	2.924229105e-09	0.2702314222	0.4161327915	1.326902512e-10
96	0.307576	None	None	3.915391852e-13	1.27298354e-12	1.863617268e-24	1	5.81409621e-13	0.4566538039	0.5980373873	2.88330574e-25
97	0.436492	None	None	5.977251577e-13	1.369383993e-12	1.903353485e-24	1	6.296678234e-13	0.4598553093	0.5716968858	3.485681817e-17
98	0.414608	None	None	1.500695962e-13	3.619553801e-13	2.166244231e-24	1	1.74700884e-13	0.4821783818	0.421229164	7.002998853e-19
99	0.487428	None	31.82461372	1.456282002e-12	2.987686391e-12	4.846432226e-24	1	1.296195957e-12	0.4338796761	0.4187642706	9.729925259e-13
100	0.363828	None	None	1.161428994e-13	3.192247418e-13	1.864822264e-24	1	1.52220811e-13	0.4771641387	0.5972510901	1.979883403e-23
101	0.467352	None	None	1.661388667e-12	3.554897951e-12	1.906968993e-24	1	1.581368545e-12	0.4448514973	0.5695067507	1.042484444e-16
102	0.48552	None	None	1.203479476e-12	2.478743359e-12	3.454380528e-24	1	1.069022917e-12	0.4312357406	0.4222383695	5.673537136e-13
103	0.524496	88.18435754	None	9.294188982e-12	1.772022853e-11	3.461561709e-23	1	6.818246634e-12	0.3847637533	0.4123757448	1.976956525e-12
104	0.40578	None	None	8.411285487e-14	2.072868423e-13	2.159806541e-24	1	1.019690086e-13	0.4927496465	0.4244769203	2.246360939e-19
105	0.489744	None	90.4595843	1.652806656e-12	3.374837989e-12	5.134385403e-24	1	1.405606672e-12	0.4164769846	0.4175806648	9.52223274e-13
106	0.460544	None	None	6.124499413e-14	1.329840235e-13	2.332336204e-24	1	6.653430688e-14	0.5009126639	0.3452792895	2.813846102e-14
107	0.528868	31.60555973	112.0373444	4.330904611e-12	8.189008612e-12	4.533272712e-21	1	3.070674081e-12	0.3749998356	0.3459041545	5.60882588e-10
108	0.487364	67.34642032	None	1.132804193e-12	2.324349343e-12	3.37464145e-24	1	1.039338059e-12	0.4470794178	0.4151585543	5.573600865e-13
109	0.542584	20.68761905	19.89564069	4.372737295e-11	8.059097383e-11	6.957080506e-21	0.9999999999	2.892129272e-11	0.3588653718	0.4121026663	9.319486706e-11
110	0.542656	26.95239081	8.881941483	1.130716908e-11	2.083671572e-11	2.807891008e-19	1	7.393387034e-12	0.354815849	0.3442190814	1.363764297e-08
111	0.575908	10.43852768	8.723093564	1.934528612e-10	3.359093008e-10	7.533029237e-18	0.9999999997	9.955423361e-11	0.2963720784	0.3381396644	2.255914744e-08
112	0.406288	None	None	9.256180018e-13	2.27823121e-12	1.875904177e-24	1	1.002727601e-12	0.4401455969	0.5897911084	2.411716867e-19
113	0.490176	None	None	2.741682789e-12	5.593261989e-12	1.955273461e-24	1	2.288817177e-12	0.4092130482	0.5653165627	9.238523577e-15
114	0.485308	None	None	2.155522183e-12	4.441555019e-12	5.744007936e-24	1	1.865124903e-12	0.4199373133	0.4202299167	8.759646902e-13
115	0.5259	54.91666667	None	3.096530279e-12	5.888059097e-12	1.953246921e-23	1	2.274292442e-12	0.3862360765	0.4141540327	3.188540128e-12
116	0.453616	None	None	3.626019891e-12	7.993589052e-12	1.876447639e-24	1	3.631102292e-12	0.4542787283	0.589427929	2.976145258e-18
117	0.516124	41.02106649	None	8.331711428e-11	1.614284828e-10	3.33344888e-24	0.9999999998	6.39149376e-11	0.3959344367	0.5627797095	1.077262326e-14
118	0.528408	None	None	1.897306795e-11	3.590609519e-11	6.073377322e-23	1	1.4890743e-11	0.4147138589	0.4172847146	1.769697477e-12
119	0.5474	38.60607832	None	9.496936268e-11	1.734917111e-10	1.331066329e-22	0.9999999998	6.889271168e-11	0.3970961548	0.4123756881	8.151245572e-13
120	0.485212	None	1736.764706	2.384948893e-12	4.915271868e-12	7.793608209e-24	1	2.06416127e-12	0.4199415013	0.4143822528	1.235998046e-12
121	0.53838	27.80438993	18.00613497	7.380253638e-12	1.370826115e-11	1.124889627e-21	1	5.154796696e-12	0.376049704	0.4090726945	8.819594221e-11
122	0.537536	14.58470069	12.78896301	8.604234952e-12	1.600680683e-11	3.334882154e-20	1	5.756096679e-12	0.3596147798	0.3431213287	2.106037036e-09
123	0.571344	15.42762044	16.26946704	1.57941612e-11	2.764387303e-11	2.048844321e-19	1	9.598563518e-12	0.3472213909	0.340636599	7.474066639e-09
124	0.557128	11.0008219	14.82298547	2.813160088e-10	5.049396345e-10	9.424542283e-20	0.9999999995	1.610517631e-10	0.3189522179	0.4088508648	2.009502884e-10
125	0.594928	9.524728908	16.3746669	5.037590594e-09	8.467563447e-09	7.126998117e-18	0.9999999915	2.227066165e-09	0.2630114412	0.4057104797	9.035608605e-10
126	0.594608	12.68836713	8.962703963	1.25730803e-09	2.114515751e-09	4.833106401e-17	0.9999999979	5.605238068e-10	0.2650836694	0.3331284074	2.287819214e-08
127	0.617604	8.451843449	18.95532194	9.165374558e-09	1.484021216e-08	1.665769739e-16	0.9999999852	3.611803016e-09	0.2433794517	0.3354390091	1.12611445e-08
128	0.120816	None	None	1.86121522e-06	1.540537032e-05	-1.445731263e-22	0.9999845946	2.999363562e-06	0.1946929736	0.6465056547	1.491274469e-25
129	0.384572	None	None	2.03739762e-12	5.297831407e-12	1.818333252e-24	1	2.321901844e-12	0.438235612	0.6297140277	4.740929859e-19
130	0.240576	None	None	2.121522776e-10	8.818513799e-10	2.184005993e-24	0.9999999991	4.08689741e-10	0.463444902	0.4335176261	3.637050918e-20
131	0.439836	None	None	1.314194635e-12	2.987919668e-12	2.198184912e-24	1	1.325253625e-12	0.4435066366	0.4194624602	1.034809889e-14
132	0.134536	None	None	1.789021596e-07	1.329771657e-06	-1.807167001e-23	0.9999986702	3.070367713e-07	0.2308940493	0.6465032941	9.736873486e-26
133	0.425292	None	None	5.189328859e-13	1.220180219e-12	1.81828985e-24	1	5.525362791e-13	0.4527585092	0.629594337	1.385917147e-18
134	0.313824	None	None	3.303528993e-12	1.052669328e-11	2.159041772e-24	1	5.465385325e-12	0.5191949417	0.42502117	1.905063069e-19
135	0.488856	None	79.56619145	1.08342066e-12	2.216236805e-12	4.021441374e-24	1	9.773281347e-13	0.441036061	0.4177760049	9.053698323e-13
136	0.200496	None	None	1.399538012e-09	6.98037872e-09	2.138176458e-24	0.999999993	3.085853547e-09	0.4420753454	0.4900588806	1.361359647e-28
137	0.43586	None	None	6.882421858e-13	1.579044156e-12	2.152229255e-24	1	6.975693748e-13	0.4418268774	0.4283403013	5.904070174e-17
138	0.375168	None	None	2.029852767e-14	5.410516584e-14	8.137361741e-22	1	3.308421327e-14	0.6073837955	0.2071251184	1.31152957e-08
139	0.517776	52.91416309	3.11578858	2.370579416e-12	4.52234424e-12	2.901810466e-14	1	1.817378551e-12	0.3975448223	0.1811313277	0.005447306963
140	0.258852	None	None	1.066647663e-11	4.120685421e-11	2.076706581e-24	1	2.088053951e-11	0.50672712	0.4673625765	2.801412081e-29
141	0.496412	47.05354331	None	1.243595014e-12	2.505167106e-12	8.70069711e-24	1	1.048221493e-12	0.4183555391	0.3915335808	2.737507367e-12
142	0.486096	None	None	6.085982673e-14	1.251466388e-13	2.654616973e-17	1	5.771219701e-14	0.461169953	0.1367063366	0.0001706538832
143	0.5676	9.438059546	2.251567687	1.781982488e-11	1.933326248e-11	6.846265094e-12	1	1.050515795e-11	0.3069004427	0.008317695717	0.2394284301
144	0.251204	None	None	1.608855043e-10	6.404575733e-10	1.793303168e-24	0.9999999994	2.311257647e-10	0.3608760278	0.6452710304	7.895048629e-25
145	0.451132	None	33.97503356	2.523588119e-12	5.593901827e-12	1.825085007e-24	1	2.23553045e-12	0.3996396704	0.6279567796	1.011518183e-15
146	0.405664	None	None	3.553919857e-12	8.760747458e-12	2.178298581e-24	1	4.15393835e-12	0.4741616499	0.4210940095	1.460498887e-15
147	0.490988	None	45.40981691	1.726140665e-12	3.515647357e-12	7.103952631e-24	1	1.485541151e-12	0.4225333931	0.4163927314	1.519790764e-12
148	0.321944	None	None	7.891916565e-13	2.451332084e-12	1.796678692e-24	1	1.01930677e-12	0.4157677139	0.6452538352	2.206881816e-24
149	0.529096	16.50912621	11.90669594	5.142547185e-11	9.719497378e-11	3.408010667e-24	0.9999999999	3.3205239e-11	0.3416374027	0.6278066509	2.115722648e-14
150	0.488748	None	None	1.614761142e-12	3.303872633e-12	5.564904802e-24	1	1.395900637e-12	0.4224655553	0.4178277659	1.114592332e-12
151	0.568264	12.70536459	9.964264082	1.636131414e-10	2.879174841e-10	1.586996627e-19	0.9999999997	9.295221784e-11	0.3228435837	0.4125927868	5.955067411e-10
152	0.37846	None	None	2.705053303e-12	7.147527619e-12	2.137125238e-24	1	3.485848359e-12	0.487672996	0.4361954233	9.269079835e-20
153	0.493836	None	32.57291374	1.549280724e-12	3.137237309e-12	1.962569575e-23	1	1.315578554e-12	0.4192836276	0.3843806257	5.830183331e-12
154	0.528368	15.95330887	3.39461288	7.97288914e-12	1.402199492e-11	5.641157295e-13	1	5.49690507e-12	0.3651559942	0.1404777897	0.03251794613
155	0.567228	11.4742828	2.241228867	1.431742111e-11	1.642958416e-11	4.99810095e-12	1	8.382809438e-12	0.3070594066	0.04356566364	0.2164093206
156	0.4959	75.1020794	42.95317726	1.983586046e-12	3.99997186e-12	4.695513878e-23	1	1.673824815e-12	0.4184460017	0.3919365993	1.185044151e-11
157	0.638508	5.205723597	3.774591851	1.762463692e-08	2.758869083e-08	9.037107678e-12	0.9999999724	3.660201047e-09	0.1324515871	0.3325173979	0.0003276721009
158	0.636964	5.146906781	2.13942872	4.716637917e-10	4.395247578e-10	1.917023438e-10	0.9999999994	2.016971214e-10	0.1676289016	0.00257981343	0.2923949721
159	0.700424	3.862979273	2.255144171	1.047554342e-07	1.051648341e-07	3.109546043e-08	0.9999998637	2.450962912e-08	0.03559975999	0.008842147714	0.2000738569
160	0.131348	None	None	1.004003113e-06	7.64384013e-06	0	0.9999923562	1.634184181e-06	0.2137893601	0.5084531625	1.187538168e-24
161	0.421128	None	None	1.345553902e-12	3.195118592e-12	2.126899103e-24	1	1.413865904e-12	0.4425438379	0.442017672	4.59033335e-16
162	0.246836	None	None	7.779380025e-11	3.151639155e-10	3.079292948e-24	0.9999999997	1.618485055e-10	0.5135369391	0.228934054	1.285834159e-15
163	0.487672	None	188.2077295	1.601840595e-12	3.28466794e-12	1.139688696e-20	1	1.337645347e-12	0.4072243274	0.2196560547	3.078534436e-09
164	0.152216	None	None	6.209496674e-08	4.079398141e-07	5.266037562e-24	0.9999995921	1.080901119e-07	0.2649657212	0.4895426352	1.3264682e-24
165	0.488264	None	45.09861325	1.335435336e-12	2.735068192e-12	7.68553161e-24	1	1.178108295e-12	0.4307639119	0.4145991623	2.179033074e-12
166	0.3489	None	None	9.300365878e-13	2.665625072e-12	1.009811557e-23	1	1.4472179e-12	0.5429445986	0.1904835636	2.366430117e-12
167	0.57126	10.63132137	7.734752681	1.61839602e-11	2.832574016e-11	2.597873601e-15	1	8.793311835e-12	0.3103776111	0.1803848067	7.77913136e-05
168	0.257712	None	None	1.101248457e-10	4.27317441e-10	1.331335004e-17	0.9999999996	2.305576561e-10	0.5395468661	0.08418210606	2.342871651e-08
169	0.561736	12.39174675	2.675594342	5.105423632e-12	8.234021539e-12	4.800773086e-13	1	2.99995558e-12	0.325384546	0.06030916679	0.04245219826
170	0.452224	None	None	1.80638785e-14	3.993640893e-14	3.675911155e-18	1	2.265642171e-14	0.5670538616	0.07969611496	6.880324955e-05
171	0.659804	4.728455684	2.874069479	7.390086683e-11	1.092293936e-10	1.830876015e-12	0.9999999999	1.916945693e-11	0.1643045101	0.06927583363	0.01235480898
172	0.458304	None	None	9.678540701e-13	1.875393942e-12	1.083535251e-13	1	1.060673235e-12	0.5268896891	0.01016976471	0.03917109391
173	0.685656	3.878178806	1.598555113	2.682737425e-10	2.243884962e-10	1.144204237e-10	0.9999999997	1.00269099e-10	0.1063258749	0.002640058299	0.3418753679
174	0.657992	5.217689864	2.727992724	1.661225663e-12	1.875535348e-12	4.27138408e-13	1	6.67140086e-13	0.2035556082	0.0114164872	0.1546879269
175	0.745432	3.333762984	1.590900981	4.749226393e-09	4.26829939e-09	1.567499442e-09	0.9999999942	1.180664809e-09	0.03136539738	0.007412054366	0.2479691156
176	0.312484	None	None	3.112479537e-11	9.960444492e-11	2.088491368e-24	0.9999999999	4.146349562e-11	0.4162793868	0.4596802482	2.972766897e-20
177	0.494032	121.4444444	185.5859873	1.852981443e-12	3.750731619e-12	1.412164362e-23	1	1.525443856e-12	0.4067063684	0.3990714976	3.387892158e-12
178	0.482644	None	None	3.664572827e-12	7.592703081e-12	2.408109951e-19	1	3.311366652e-12	0.4361520583	0.2045793332	2.766840648e-08
179	0.566432	12.93005256	11.33751743	8.480648169e-12	1.497197895e-11	4.018931273e-17	1	4.996270409e-12	0.3337181329	0.1996651924	2.328558649e-06
180	0.482592	140.7372263	None	1.755523044e-12	3.637696116e-12	5.378356513e-24	1	1.499314052e-12	0.4121414007	0.4237812183	9.654266027e-13
181	0.634544	6.185041282	5.437134022	8.860668728e-09	1.396380424e-08	2.05274064e-14	0.999999986	2.275374609e-09	0.1629470578	0.3512769821	1.498099087e-06
182	0.654736	5.333161317	3.999845941	8.051410681e-10	1.225764118e-09	2.589172341e-12	0.9999999988	1.949778898e-10	0.1576557347	0.1547713701	0.00173752728
183	0.706864	4.048093028	3.599966871	3.397960185e-07	4.779241569e-07	1.968637223e-09	0.9999995201	2.09354402e-08	0.04105412594	0.1469464119	0.003356086856
184	0.63634	5.767169313	2.069966683	2.753067861e-11	3.33376699e-11	6.316585751e-12	1	1.18794287e-11	0.2298037841	0.03373488915	0.1329232968
185	0.711088	4.216723025	1.864349262	2.234654589e-10	2.609553876e-10	3.79032143e-11	0.9999999997	5.453382126e-11	0.1119795164	0.0393984509	0.1027201659
186	0.750972	3.324108871	2.049679106	1.319492449e-09	1.612753242e-09	1.083599213e-10	0.9999999983	1.624354102e-10	0.05584972456	0.04875755028	0.04814557871
187	0.782388	3.08727532	2.016440315	5.598472383e-09	6.670598628e-09	3.794760641e-10	0.9999999929	4.366679923e-10	0.02747145508	0.05023768129	0.04084805491
188	0.86996	2.434493178	2.119109948	4.693781535e-07	4.964194635e-07	3.751307703e-08	0.9999994661	2.523165024e-08	0.000362839821	0.02907659199	0.05266165112
189	0.87718	2.362920025	2.251629726	1.079365721e-05	1.145559844e-05	7.4503537e-07	0.9999877994	4.980126219e-07	4.070491975e-05	0.03104168289	0.04545091217
190	0.877812	2.419551107	2.110507405	2.602486342e-06	2.769226976e-06	1.716256717e-07	0.9999970591	1.14878608e-07	9.582110401e-05	0.03154019182	0.04334279112
191	0.883052	2.35323294	2.206990291	2.07699438e-05	2.214045332e-05	1.21877221e-06	0.9999766408	8.143241618e-07	1.805984957e-05	0.03283784187	0.03856863829
192	0.287316	None	None	3.475946175e-13	1.209799028e-12	1.795706849e-24	1	5.586556183e-13	0.4617826706	0.6459713846	2.073770329e-27
193	0.442572	None	None	9.277959782e-13	2.09637297e-12	1.819596524e-24	1	9.212048912e-13	0.4393497886	0.6287362422	9.879481525e-18
194	0.413216	None	None	1.458817972e-13	3.530400497e-13	2.144282335e-24	1	1.691521905e-13	0.4792600417	0.4323826782	5.324878867e-18
195	0.49058	None	None	1.596802117e-12	3.25492706e-12	5.027638042e-24	1	1.35914225e-12	0.4176305786	0.4202595643	9.558882885e-13
196	0.341768	None	None	7.74446834e-14	2.266001598e-13	1.795670408e-24	1	1.09380443e-13	0.4821088641	0.6459725751	3.695754185e-27
197	0.492912	None	62.2185008	2.049613814e-11	4.158173901e-11	1.821045843e-24	1	1.642392263e-11	0.3949750934	0.6286041704	7.74555077e-17
198	0.48656	None	None	1.4307429e-12	2.940527171e-12	3.55263242e-24	1	1.200236424e-12	0.4082169844	0.4253581153	5.184589918e-13
199	0.546004	17.19693597	8.899776901	1.082958019e-10	1.983425063e-10	8.37090274e-20	0.9999999998	6.764349846e-11	0.3410447394	0.4175573092	4.580585422e-10
200	0.394896	None	None	5.038284869e-14	1.275851077e-13	2.09845564e-24	1	6.589238138e-14	0.5151479216	0.4564089777	1.484415946e-28
201	0.49108	None	97.52130326	1.900049027e-12	3.869123212e-12	1.565819716e-23	1	1.619905221e-12	0.4187091878	0.3973894913	3.701092128e-12
202	0.484156	None	None	1.253679853e-13	2.589350585e-13	3.023083824e-18	1	1.108347429e-13	0.4287572501	0.1858843202	9.966899602e-06
203	0.5531	8.949023861	2.467573652	1.855055872e-11	2.808874687e-11	3.014672831e-12	1	1.048009742e-11	0.3014317448	0.09996526597	0.08240253176
204	0.486796	134.7182131	None	1.582771565e-12	3.251406266e-12	5.868490628e-24	1	1.336129411e-12	0.4109804568	0.4151719638	1.229104036e-12
205	0.56782	9.713615023	2.402669933	9.804774396e-10	1.658629344e-09	3.867452542e-11	0.9999999983	4.626056419e-10	0.2633369355	0.3152057268	0.02292107769
206	0.574536	9.299580911	1.50763983	8.661768152e-11	6.233189635e-11	5.080576312e-11	0.9999999999	5.005720607e-11	0.2587570774	7.177238479e-06	0.5443254409
207	0.6202	5.809430255	1.565886214	8.797618583e-09	6.535611181e-09	4.744232528e-09	0.9999999887	4.123634362e-09	0.1461837212	2.285350903e-05	0.4847814058
208	0.397956	None	None	9.31427635e-13	2.340529192e-12	1.797441143e-24	1	1.054172747e-12	0.450439921	0.6446432783	1.497594767e-22
209	0.51274	16.44570286	15.18966219	1.018727604e-11	1.98683076e-11	2.260058149e-24	1	7.127939911e-12	0.3587661341	0.6268603188	2.853784113e-14
210	0.487372	None	29.36797613	2.51255034e-12	5.155303012e-12	7.839465586e-24	1	2.12542047e-12	0.4122766311	0.4152969698	1.189464084e-12
211	0.539548	23.76596523	27.6063634	1.13091098e-11	2.09603405e-11	2.601412584e-21	1	7.662640906e-12	0.365583723	0.4074723553	1.333417163e-10
212	0.487512	60.86405767	88.85041137	4.992623914e-10	1.024102774e-09	1.838548537e-24	0.999999999	3.936622591e-10	0.3843973923	0.644631707	3.16216582e-20
213	0.609456	6.568351099	6.564707607	1.66135091e-06	2.725957099e-06	2.800141908e-18	0.999997274	3.879247396e-07	0.1423073317	0.6267069698	1.329748371e-12
214	0.576124	12.06603037	7.517369727	8.749122066e-09	1.518617874e-08	2.734392177e-17	0.9999999848	4.281903369e-09	0.281960543	0.4141793697	1.948203291e-09
215	0.632892	5.892144014	5.433935299	4.446729189e-06	7.026046711e-06	4.334659326e-13	0.999992974	6.812985379e-07	0.09696682795	0.403150826	6.607185965e-08
216	0.491272	25.66768894	143.7058824	2.881404299e-12	5.865191378e-12	3.053284161e-23	1	2.348248125e-12	0.4003865501	0.3974340618	5.143173135e-12
217	0.554912	11.58205462	7.198833736	4.197407785e-11	7.564093156e-11	1.7240114e-17	0.9999999999	2.404214923e-11	0.3178449767	0.3443710103	2.306961468e-07
218	0.566224	13.91735537	2.368342947	3.309954794e-11	4.340124089e-11	8.524723721e-12	0.9999999999	1.835506464e-11	0.2917478874	0.05551909154	0.1420733526
219	0.604136	6.642252484	2.650388821	2.134361924e-10	2.708800299e-10	4.978781471e-11	0.9999999997	9.416375021e-11	0.2248785531	0.05178452287	0.1322611967
220	0.65732	4.623725943	2.118499945	2.040942093e-06	2.231573563e-06	5.740841587e-07	0.9999971943	4.688397422e-07	0.03829615587	0.1010866395	0.1978021171
221	0.729744	3.312481203	2.273502661	6.9740013e-05	7.715479313e-05	1.343676564e-05	0.9999094084	9.034091357e-06	0.0007789453775	0.08125381846	0.1304515466
222	0.716088	3.594050689	1.802487803	4.513314052e-06	3.834203578e-06	1.76768688e-06	0.9999943981	1.204361153e-06	0.006228087981	0.0007402733762	0.3082213023
223	0.759028	3.135589722	2.018325603	5.494051253e-05	5.19536e-05	1.550627543e-05	0.9999325401	1.037045233e-05	0.0002799593346	0.005067851132	0.2008290347
224	0.341256	None	None	2.174866083e-13	6.373121888e-13	2.053327845e-24	1	3.031375403e-13	0.4759251991	0.4811040553	9.877398844e-24
225	0.487128	None	58.71028971	1.654128898e-12	3.395676081e-12	6.643069239e-24	1	1.423120808e-12	0.4191524409	0.4174525976	1.428396471e-12
226	0.442304	None	None	7.584791203e-14	1.714836674e-13	2.764416913e-24	1	8.740558569e-14	0.5101685523	0.2177201082	5.181382529e-13
227	0.541864	15.85238678	18.01560874	7.00436622e-12	1.292642252e-11	3.208580671e-18	1	4.410308896e-12	0.3411808483	0.210105476	2.179143077e-07
228	0.465612	None	None	8.127940572e-13	1.745646713e-12	2.133101844e-24	1	7.662825715e-13	0.4390911235	0.4526511047	1.775487318e-14
229	0.579924	8.745522855	5.584631542	1.046357753e-09	1.804300269e-09	7.241243563e-16	0.9999999982	4.863857468e-10	0.2695699394	0.3755966689	4.187520341e-07
230	0.579608	10.08902661	4.093701467	7.308490889e-11	1.258195597e-10	1.588855548e-13	0.9999999999	3.418465596e-11	0.2708525624	0.1661033418	0.001053066752
231	0.63848	6.066264582	3.272566372	2.952897401e-08	4.561125536e-08	4.070996853e-10	0.999999954	5.953091153e-09	0.1245575639	0.1519128638	0.007316350334
232	0.477204	None	None	1.052666194e-13	2.203838056e-13	9.858582827e-17	1	1.022410729e-13	0.4631677978	0.07293860244	0.0003313631447
233	0.631952	6.389502644	2.311186441	1.015945158e-10	1.391765546e-10	1.364161374e-11	0.9999999998	3.558136512e-11	0.1901997291	0.0481937236	0.07018001606
234	0.574288	9.793543654	69.86333084	5.662372687e-13	9.835001209e-13	1.424951311e-15	1	3.067163386e-13	0.3110462767	0.07281976515	0.001073063279
235	0.694976	3.622857902	2.661670236	2.989299043e-09	4.157850392e-09	9.969280886e-11	0.9999999957	3.409973395e-10	0.06600089338	0.06310061547	0.01752499041
236	0.691612	3.593351052	1.52061216	3.082300586e-09	2.522023533e-09	1.338038847e-09	0.9999999961	1.033746864e-09	0.05558799692	0.002829738227	0.3558011189
237	0.743968	3.076150368	1.481365859	5.714682686e-07	4.791278249e-07	2.15012499e-07	0.9999993059	1.461537622e-07	0.005357005052	0.003859375548	0.3014159834
238	0.744336	3.104026846	1.67001675	6.487663944e-08	6.080059455e-08	1.962056809e-08	0.9999999196	1.374525221e-08	0.01056712792	0.008799616583	0.2183435388
239	0.779584	2.836663929	1.596365639	1.7678576e-06	1.606889422e-06	5.151523173e-07	0.999997878	3.455873334e-07	0.0009733040507	0.008402870736	0.216786147
240	0.481804	234.9265306	58.82139352	2.433414734e-12	5.050632071e-12	5.193459455e-24	1	2.074892157e-12	0.4107970566	0.4225068682	6.540811938e-13
241	0.562412	11.63267591	8.809841242	2.441811189e-11	4.341676854e-11	2.597643069e-19	1	1.425182569e-11	0.328253604	0.3710732696	6.21561222e-09
242	0.564404	14.17903108	8.224767178	2.070129937e-11	3.667762486e-11	3.01194768e-16	1	1.17320598e-11	0.3198611592	0.192745409	7.066816573e-06
243	0.61364	7.85824	5.234106478	1.352194295e-10	2.203393876e-10	1.036775357e-14	0.9999999998	5.268020467e-11	0.2390546667	0.188311537	4.02834547e-05
244	0.653944	4.978361963	4.297329766	6.438127376e-06	9.844850635e-06	1.463717407e-10	0.999990155	5.538636766e-07	0.05624874316	0.3649128711	1.535433006e-05
245	0.717272	3.625774551	3.822845376	0.004294079123	0.005985123103	1.117904679e-06	0.994013759	1.023857969e-05	0.001575697565	0.3128564965	0.0001831689858
246	0.722008	3.633263511	3.334473213	9.349494365e-05	0.0001271673034	1.679133226e-06	0.9998711536	1.873122656e-06	0.005909879666	0.1301861829	0.01053681063
247	0.756628	3.305121646	3.285434876	0.001183003179	0.001540123569	1.770256243e-05	0.9984421739	1.239852479e-05	0.0003618574307	0.1277682087	0.00914454519
248	0.677104	4.55494078	1.836692588	3.241881591e-10	3.513590684e-10	8.628152843e-11	0.9999999996	1.040862872e-10	0.1322482353	0.02550892276	0.1702543368
249	0.748516	3.315701917	2.04642639	8.440968934e-09	9.642463074e-09	1.223431044e-09	0.9999999891	1.181283873e-09	0.03777742818	0.03645560908	0.08935656881
250	0.757	3.239492813	1.961775027	7.629882697e-09	8.879984883e-09	9.077341413e-10	0.9999999902	9.42330912e-10	0.03785359803	0.04093547567	0.07244947513
251	0.791588	2.977901086	2.109356073	6.967745482e-08	8.156806986e-08	5.109149533e-09	0.9999999133	4.380861688e-09	0.01187882566	0.04643476836	0.04473773654
252	0.878484	2.344944083	2.042323086	0.0001981858476	0.0002090429612	1.454495089e-05	0.9997764121	9.715654103e-06	1.21386404e-06	0.02933119064	0.04850605215
253	0.884348	2.305706921	2.144159544	0.0006610093831	0.0007004339706	4.158200208e-05	0.999257984	2.778956439e-05	2.413667652e-07	0.03124087678	0.04149974795
254	0.884212	2.325389672	2.076272744	0.0002868968889	0.0003042845912	1.784480195e-05	0.9996778706	1.19209407e-05	6.806190639e-07	0.03145020917	0.04100804518
255	0.888892	2.291266733	2.149844643	0.0008133706356	0.0008651015419	4.438879579e-05	0.9990905097	2.967030488e-05	1.6987319e-07	0.0328286817	0.03594999802
