norm	N	avg	std_err	num_recoveries
L1	10	11.08187	0.0372973535784624	100000
L1	20	21.09839	0.0682909007888352	100000
L1	30	30.80175	0.09843380598918537	100000
L1	40	40.82682	0.13127053517987436	100000
L1	50	50.90003	0.16210026750427484	100000
L1	60	60.93747	0.19373779430797347	100000
L1	70	71.33842	0.22679909897825706	100000
L1	80	80.8182	0.25600107510146153	100000
L1	90	91.07786	0.2892854981487871	100000
L1	100	100.51539	0.32074875998068403	100000
L1	110	111.4696	0.3550367979092855	100000
L1	120	120.68109	0.3826725041684483	100000
L1	130	130.47565	0.41414861832627003	100000
L1	140	140.46192	0.4446334300162438	100000
L1	150	151.80647	0.48229057009579895	100000
L1	160	160.54251	0.5065113861176636	100000
L1	170	170.79394	0.5398777617875533	100000
L1	180	180.39489	0.5698703094920566	100000
L1	190	190.59397	0.6069699862612801	100000
L1	200	201.30172	0.6375627483730386	100000
L2	10	22.66065	0.1021740647678131	100000
L2	20	49.27859	0.23789343015088826	100000
L2	30	77.94003	0.3952515171047556	100000
L2	40	108.94748	0.5745582905056814	100000
L2	50	139.58173	0.7587171732072375	100000
L2	60	172.00076	0.9508261011861894	100000
L2	70	205.90234	1.1632478294328925	100000
L2	80	239.38638	1.3827852061886639	100000
L2	90	273.85625	1.6251303946909335	100000
L2	100	307.55294	1.8425483862355292	100000
L2	110	345.03813	2.097275404567142	100000
L2	120	377.69998	2.3207561442277576	100000
L2	130	416.52513	2.592477701869607	100000
L2	140	460.38355	2.8882635129184004	100000
L2	150	496.65698	3.164960759968312	100000
L2	160	525.60546	3.3648058739201403	100000
L2	170	559.76541	3.6013528403640316	100000
L2	180	605.7481	3.960980438114311	100000
L2	190	640.31216	4.186502109704556	100000
L2	200	676.04701	4.469772875359173	100000
L3	10	11.06384	0.03671810352856942	100000
L3	20	20.92918	0.06755863295657255	100000
L3	30	31.01035	0.0997850499791272	100000
L3	40	40.85676	0.13072153802732395	100000
L3	50	50.68564	0.16071886909586577	100000
L3	60	60.61486	0.1929279427239941	100000
L3	70	70.64495	0.22444047770012282	100000
L3	80	80.86706	0.25828638134464255	100000
L3	90	91.0234	0.2882455140659772	100000
L3	100	100.29698	0.3186339202039678	100000
L3	110	110.84584	0.35037863747500975	100000
L3	120	121.2828	0.38506703962797445	100000
L3	130	131.50819	0.41676416311015935	100000
L3	140	141.52811	0.4485247665881361	100000
L3	150	150.60862	0.47916902283690066	100000
L3	160	161.27064	0.511468098649435	100000
L3	170	170.91484	0.5444784350600185	100000
L3	180	180.82841	0.5721912039663442	100000
L3	190	190.0962	0.6015666080156228	100000
L3	200	200.79119	0.6348409466268873	100000
L4	10	11.17193	0.03787158886715728	100000
L4	20	20.97664	0.06805192468803839	100000
L4	30	30.62343	0.09849766021709795	100000
L4	40	41.05545	0.13098370936987225	100000
L4	50	50.86575	0.16224875197043453	100000
L4	60	61.23522	0.1952580655764	100000
L4	70	71.2187	0.2255693035814213	100000
L4	80	81.39473	0.25913685052756297	100000
L4	90	90.63934	0.28773334312937604	100000
L4	100	101.46012	0.32172176790638796	100000
L4	110	110.50409	0.35100398269917527	100000
L4	120	121.25617	0.38280549299842764	100000
L4	130	130.73644	0.4127030777684645	100000
L4	140	140.12013	0.4458278006272231	100000
L4	150	151.98291	0.4824797343373737	100000
L4	160	160.17205	0.5069202497132455	100000
L4	170	170.59575	0.5403359156565481	100000
L4	180	181.59001	0.5762196451638976	100000
L4	190	190.73894	0.6084826089442765	100000
L4	200	201.23138	0.6335726501167525	100000
L5	10	22.60587	0.10081535772289937	100000
L5	20	49.0729	0.23659377468993442	100000
L5	30	78.08311	0.3958888501929276	100000
L5	40	107.68393	0.5659154301662122	100000
L5	50	140.99246	0.7662765905530425	100000
L5	60	172.33359	0.9554420863521315	100000
L5	70	204.67115	1.1681421924742978	100000
L5	80	239.96914	1.3915568538803478	100000
L5	90	273.98384	1.6135474905758709	100000
L5	100	313.40457	1.876612542182723	100000
L5	110	345.83516	2.094087508845501	100000
L5	120	382.19941	2.3424209160212546	100000
L5	130	419.60703	2.5897777078606383	100000
L5	140	455.72338	2.8699922247921643	100000
L5	150	496.87456	3.1697101526594853	100000
L5	160	523.18079	3.3005948187730145	100000
L5	170	565.39338	3.6849016312681058	100000
L5	180	602.22064	3.906601436917756	100000
L5	190	639.79227	4.206708866320224	100000
L5	200	674.09585	4.464341905310911	100000
L6	10	19.30740518562954	0.09868724016843096	90018
L6	20	51.95670083543157	0.3192242448940589	94921
L6	30	90.06871224033766	0.6201829948494629	96664
L6	40	131.15304237148956	0.9856048354778904	97424
L6	50	172.93599436774923	1.3831674679503334	98007
L6	60	221.69111034244207	1.8604038937506517	98294
L6	70	266.3185705156166	2.3474338616555377	98581
L6	80	319.9653238298691	2.977887299538737	98771
L6	90	363.1868402960327	3.4972645908471254	98908
L6	100	418.8636033051173	4.153929721802165	98998
L6	110	474.4861116718479	4.953604420346856	99076
L6	120	518.3084898239102	5.435160956473065	99154
L6	130	586.9690685271255	6.339079693319332	99187
L6	140	636.7069132124092	6.900623495314101	99346
L6	150	697.0260639421964	7.9689270487142325	99371
L6	160	756.420515607076	8.70791433603016	99378
L6	170	804.49858727238	9.5037788226798	99453
L6	180	853.8316057227311	10.155866569650392	99463
L6	190	930.5394186700972	11.179445036551337	99496
L6	200	963.3116997969971	11.779377789885574	99506
L7	10	11.11451	0.0376378153012384	100000
L7	20	20.96474	0.06773447162937196	100000
L7	30	30.94928	0.0994277201465057	100000
L7	40	40.86311	0.1305933675863903	100000
L7	50	50.58682	0.16158416480984544	100000
L7	60	60.85352	0.19398203918511103	100000
L7	70	70.60787	0.22736934140029597	100000
L7	80	81.19866	0.2577995743756165	100000
L7	90	91.17356	0.2885180697911803	100000
L7	100	100.68015	0.3198410865460814	100000
L7	110	110.67572	0.35130118239200786	100000
L7	120	121.06677	0.3838753161122101	100000
L7	130	131.06261	0.4153681379292076	100000
L7	140	140.49635	0.4476631799578755	100000
L7	150	151.61381	0.4823841098306709	100000
L7	160	160.40961	0.5090066225245993	100000
L7	170	170.03653	0.5371809944420938	100000
L7	180	180.74237	0.572370488099784	100000
L7	190	191.19918	0.608841513657842	100000
L7	200	200.992	0.6351378553990875	100000
L8	10	19.180909939544808	0.09861157390960414	89984
L8	20	52.13056379821958	0.31517175416458937	95034
L8	30	89.61410174123688	0.6141893162840106	96598
L8	40	131.16574302134646	0.9833190988924589	97440
L8	50	176.43376676355106	1.4139791541008655	98055
L8	60	224.32130037319124	1.9161034102282444	98341
L8	70	268.1895023028385	2.3896248310305572	98574
L8	80	310.79384325523444	2.860977373961029	98721
L8	90	360.6993113073026	3.4068990705497684	98883
L8	100	418.761479939784	4.095740640430882	98977
L8	110	476.47285437598356	4.91798056005948	99132
L8	120	527.6272096913991	5.495837334212755	99222
L8	130	570.5417586293777	6.046314533005914	99225
L8	140	624.93835092242	6.924482014573638	99304
L8	150	673.6687024590494	7.572857798030402	99388
L8	160	754.6278260169637	8.69075433041986	99389
L8	170	808.0075021621512	9.439474790892419	99438
L8	180	841.6228408164908	9.817368494553683	99401
L8	190	924.0877722145141	11.530098113579916	99462
L8	200	985.197586317778	12.227940975128524	99516
L1-IS	10	5.8309	0.019643347741947755	100000
L1-IS	20	10.73605	0.03538708700125278	100000
L1-IS	30	15.7843	0.051801710099883116	100000
L1-IS	40	20.7363	0.06713735694342343	100000
L1-IS	50	25.77968	0.0828059053398807	100000
L1-IS	60	30.81013	0.09920974155578137	100000
L1-IS	70	35.84901	0.11411235225204946	100000
L1-IS	80	40.82712	0.13064461031821487	100000
L1-IS	90	45.52243	0.14543735726834844	100000
L1-IS	100	50.92651	0.16241717792645674	100000
L1-IS	110	55.78613	0.17769886061840423	100000
L1-IS	120	60.61034	0.19300136462241285	100000
L1-IS	130	65.6975	0.20894245118448196	100000
L1-IS	140	70.99029	0.22634990987401427	100000
L1-IS	150	75.55981	0.23981019185372346	100000
L1-IS	160	80.51336	0.25487421529797544	100000
L1-IS	170	85.69246	0.2720785858148927	100000
L1-IS	180	90.51778	0.2888954656006554	100000
L1-IS	190	95.79817	0.3054290919604902	100000
L1-IS	200	100.65482	0.31940205616810174	100000
L2-IS	10	10.67166	0.0333455371480598	100000
L2-IS	20	20.78295	0.06567194927078478	100000
L2-IS	30	30.5589	0.09657964373601649	100000
L2-IS	40	40.78571	0.1291373039148309	100000
L2-IS	50	50.62803	0.15951579650957282	100000
L2-IS	60	60.35522	0.19099043787839615	100000
L2-IS	70	70.39496	0.22300397613880998	100000
L2-IS	80	80.77243	0.2558112984470417	100000
L2-IS	90	90.79196	0.2851753377192941	100000
L2-IS	100	101.00736	0.31781005567888493	100000
L2-IS	110	110.54347	0.34802918605590194	100000
L2-IS	120	120.85714	0.3842034172581785	100000
L2-IS	130	131.04545	0.4125482757251198	100000
L2-IS	140	141.13854	0.44963177596118126	100000
L2-IS	150	151.28348	0.47594042146443855	100000
L2-IS	160	160.5243	0.5108318723289738	100000
L2-IS	170	170.91476	0.540561819417751	100000
L2-IS	180	179.81464	0.5699353667565511	100000
L2-IS	190	191.05354	0.6003025282021802	100000
L2-IS	200	201.00761	0.6397443316270753	100000
L3-IS	10	5.91014	0.02015454077519607	100000
L3-IS	20	10.8467	0.03603798521648903	100000
L3-IS	30	15.80709	0.05150409774027671	100000
L3-IS	40	20.70106	0.06709580141283299	100000
L3-IS	50	25.95455	0.08417702359127927	100000
L3-IS	60	30.78181	0.09909879230820416	100000
L3-IS	70	35.84228	0.1154104485726079	100000
L3-IS	80	40.88365	0.13116884378323193	100000
L3-IS	90	45.83066	0.14618285307761011	100000
L3-IS	100	50.83687	0.16207494337160547	100000
L3-IS	110	55.84358	0.1776267610482629	100000
L3-IS	120	61.10534	0.1942242628136047	100000
L3-IS	130	65.81166	0.21038769001594484	100000
L3-IS	140	70.81212	0.22505589286352962	100000
L3-IS	150	75.7454	0.2417877089542857	100000
L3-IS	160	80.78171	0.2575977405970724	100000
L3-IS	170	85.9846	0.274452427698766	100000
L3-IS	180	90.83682	0.287051696928688	100000
L3-IS	190	95.54227	0.3025842991714044	100000
L3-IS	200	101.0477	0.3221960455220115	100000
L4-IS	10	5.89898	0.019871399002607548	100000
L4-IS	20	10.7687	0.03557017648921635	100000
L4-IS	30	15.88834	0.05180651657461059	100000
L4-IS	40	20.7549	0.06730366080479833	100000
L4-IS	50	25.81807	0.08294631827675578	100000
L4-IS	60	30.79935	0.09884473783969547	100000
L4-IS	70	35.75995	0.113882772853643	100000
L4-IS	80	40.86427	0.13058725896501464	100000
L4-IS	90	45.83897	0.14585056365081803	100000
L4-IS	100	50.76815	0.16234856367191947	100000
L4-IS	110	55.69494	0.17799705900237145	100000
L4-IS	120	60.86225	0.19379229887671864	100000
L4-IS	130	65.86963	0.2099405837067243	100000
L4-IS	140	70.87779	0.22515914796778183	100000
L4-IS	150	75.96213	0.24234866141030464	100000
L4-IS	160	80.91264	0.25706977210668247	100000
L4-IS	170	86.02221	0.2733731572338206	100000
L4-IS	180	90.91629	0.29078725693990193	100000
L4-IS	190	95.8788	0.30318724928777113	100000
L4-IS	200	100.53827	0.31923780208773217	100000
L5-IS	10	10.7725	0.03365112422313865	100000
L5-IS	20	20.73844	0.06540001403121411	100000
L5-IS	30	30.75203	0.09688448521217881	100000
L5-IS	40	40.63365	0.12792968473663757	100000
L5-IS	50	51.0518	0.16120624442660486	100000
L5-IS	60	60.78233	0.1918785617820224	100000
L5-IS	70	70.99337	0.22534160168242856	100000
L5-IS	80	80.65675	0.255923788390662	100000
L5-IS	90	90.56179	0.28615296233856347	100000
L5-IS	100	100.40542	0.31701918673461427	100000
L5-IS	110	110.6791	0.3495278408496451	100000
L5-IS	120	120.87217	0.3828523757982037	100000
L5-IS	130	130.32312	0.4107346602909082	100000
L5-IS	140	140.54421	0.4465090493574223	100000
L5-IS	150	151.56211	0.479595750340138	100000
L5-IS	160	161.57336	0.5103109198865501	100000
L5-IS	170	170.39403	0.5407096142778047	100000
L5-IS	180	180.50602	0.5700770631381092	100000
L5-IS	190	190.72616	0.6050406942173154	100000
L5-IS	200	200.80123	0.6338080136215158	100000
L6-IS	10	10.80042	0.033785424265281666	100000
L6-IS	20	20.79721	0.06569167691666863	100000
L6-IS	30	30.83664	0.09806353909421439	100000
L6-IS	40	40.66687	0.12820867723629376	100000
L6-IS	50	50.57453	0.1601431182129702	100000
L6-IS	60	60.67264	0.1924827853355467	100000
L6-IS	70	70.5285	0.22289749821486365	100000
L6-IS	80	80.05724	0.25263729077834646	100000
L6-IS	90	90.46103	0.28634557574943836	100000
L6-IS	100	100.95352	0.31850862731438795	100000
L6-IS	110	110.99771	0.352767017297883	100000
L6-IS	120	120.71777	0.38143246567319206	100000
L6-IS	130	130.3656	0.40783377575954044	100000
L6-IS	140	140.55595	0.44668915859691655	100000
L6-IS	150	150.27224	0.47635418816984054	100000
L6-IS	160	160.26126	0.5068900273304995	100000
L6-IS	170	170.72566	0.542107317953839	100000
L6-IS	180	180.36971	0.5710520106340146	100000
L6-IS	190	190.09209	0.5991065899999608	100000
L6-IS	200	200.46037	0.6348010890183324	100000
L7-IS	10	5.91458	0.02036173814387595	100000
L7-IS	20	10.8524	0.03589011595696912	100000
L7-IS	30	15.83533	0.0522097193677515	100000
L7-IS	40	20.79543	0.0678294701403601	100000
L7-IS	50	25.85241	0.08356822906109813	100000
L7-IS	60	30.80411	0.09948531924040922	100000
L7-IS	70	35.70845	0.11420650558193043	100000
L7-IS	80	40.54494	0.13049596428982124	100000
L7-IS	90	45.73866	0.14625178874085717	100000
L7-IS	100	50.95208	0.16365494024358773	100000
L7-IS	110	55.93456	0.17801872733713406	100000
L7-IS	120	61.06059	0.19572810448023636	100000
L7-IS	130	66.02632	0.21150178439584139	100000
L7-IS	140	70.48793	0.2248043271669654	100000
L7-IS	150	75.70662	0.24055629643614318	100000
L7-IS	160	80.60752	0.2571985997350964	100000
L7-IS	170	85.51417	0.27273353007632967	100000
L7-IS	180	91.13042	0.29092854500790943	100000
L7-IS	190	95.67278	0.30557066581240677	100000
L7-IS	200	101.45607	0.32342107153592514	100000
L8-IS	10	10.82842	0.03414677236660028	100000
L8-IS	20	20.85899	0.06587699036520538	100000
L8-IS	30	30.65019	0.0971173617200283	100000
L8-IS	40	41.02483	0.12953487070105704	100000
L8-IS	50	51.02116	0.16214447086113476	100000
L8-IS	60	60.70876	0.19249948455292074	100000
L8-IS	70	70.36764	0.2212197694379253	100000
L8-IS	80	80.59479	0.2550423310246075	100000
L8-IS	90	90.96732	0.2877178328426778	100000
L8-IS	100	100.45924	0.3162945832746094	100000
L8-IS	110	110.73084	0.34915104696030713	100000
L8-IS	120	120.59119	0.38134168282346764	100000
L8-IS	130	130.80316	0.4143666725709808	100000
L8-IS	140	140.87936	0.4437987884543441	100000
L8-IS	150	150.96078	0.47552316730180316	100000
L8-IS	160	160.34727	0.5073179768653632	100000
L8-IS	170	171.28761	0.5437061626179926	100000
L8-IS	180	179.50676	0.5684610372070651	100000
L8-IS	190	191.11841	0.6015524733092641	100000
L8-IS	200	201.0213	0.6352043616891305	100000
L1v-IS	10	5.9378	0.020330318364906813	100000
L1v-IS	20	10.88067	0.03617113472122247	100000
L1v-IS	30	15.79518	0.051568553216397625	100000
L1v-IS	40	20.73418	0.06696190585881946	100000
L1v-IS	50	25.67382	0.08283950440407174	100000
L1v-IS	60	30.86784	0.0990075429564837	100000
L1v-IS	70	35.94209	0.11492875206187073	100000
L1v-IS	80	40.73665	0.13037254978635512	100000
L1v-IS	90	45.75921	0.14710909731428537	100000
L1v-IS	100	50.90517	0.16264134743290146	100000
L1v-IS	110	55.44978	0.17707176659089435	100000
L1v-IS	120	60.9628	0.19560713837466345	100000
L1v-IS	130	65.91826	0.20973165392803947	100000
L1v-IS	140	70.94002	0.22620122566852513	100000
L1v-IS	150	76.00894	0.24157396834217415	100000
L1v-IS	160	80.44002	0.2557228147146367	100000
L1v-IS	170	85.65192	0.27202031165638546	100000
L1v-IS	180	91.10897	0.2902498313609101	100000
L1v-IS	190	96.00065	0.30582506173539215	100000
L1v-IS	200	100.25565	0.3175055867677798	100000
L2v-IS	10	10.77547	0.0339781269042661	100000
L2v-IS	20	20.72297	0.06529813077147274	100000
L2v-IS	30	30.67006	0.09657141738811859	100000
L2v-IS	40	40.50949	0.12785340341315796	100000
L2v-IS	50	50.76276	0.16014102417337997	100000
L2v-IS	60	60.71994	0.19108637629092567	100000
L2v-IS	70	70.68291	0.22361980077236546	100000
L2v-IS	80	80.80029	0.25489593244796893	100000
L2v-IS	90	90.52216	0.28592582853799287	100000
L2v-IS	100	100.73276	0.3183660032053476	100000
L2v-IS	110	110.65031	0.34893991583036527	100000
L2v-IS	120	121.04726	0.38195328424826647	100000
L2v-IS	130	131.06373	0.41479507113078895	100000
L2v-IS	140	140.52653	0.4456765984858265	100000
L2v-IS	150	150.82367	0.4782982237780441	100000
L2v-IS	160	160.72698	0.5071014217287402	100000
L2v-IS	170	170.47406	0.5395874479797433	100000
L2v-IS	180	180.23903	0.5672332249453574	100000
L2v-IS	190	190.9662	0.6048005515975259	100000
L2v-IS	200	200.22941	0.6333102546377319	100000
